anchor,positive,negative
train\Aaron Eckhart\0001.jpg,train\Aaron Eckhart\0002.jpg,train\Brendan Fraser\0007.jpg
train\Aaron Eckhart\0001.jpg,train\Aaron Eckhart\0002.jpg,train\Nathan Lane\0024.jpg
train\Aaron Eckhart\0001.jpg,train\Aaron Eckhart\0002.jpg,train\John Malkovich\0044.jpg
train\Aaron Eckhart\0001.jpg,train\Aaron Eckhart\0002.jpg,train\Robert Downey Jr\0035.jpg
train\Aaron Eckhart\0001.jpg,train\Aaron Eckhart\0002.jpg,train\Angela Merkel\0108.jpg
train\Aaron Eckhart\0001.jpg,train\Aaron Eckhart\0002.jpg,train\James Gandolfini\0059.jpg
train\Aaron Eckhart\0001.jpg,train\Aaron Eckhart\0002.jpg,train\Owen Wilson\0172.jpg
train\Aaron Eckhart\0001.jpg,train\Aaron Eckhart\0002.jpg,train\Will Smith\0216.jpg
train\Aaron Eckhart\0001.jpg,train\Aaron Eckhart\0002.jpg,train\Jodie Foster\0281.jpg
train\Aaron Eckhart\0001.jpg,train\Aaron Eckhart\0002.jpg,train\Nathan Lane\0039.jpg
train\Aaron Eckhart\0001.jpg,train\Aaron Eckhart\0003.jpg,train\Avril Lavigne\0010.jpg
train\Aaron Eckhart\0001.jpg,train\Aaron Eckhart\0003.jpg,train\Harrison Ford\0081.jpg
train\Aaron Eckhart\0001.jpg,train\Aaron Eckhart\0003.jpg,train\Tom Cruise\0180.jpg
train\Aaron Eckhart\0001.jpg,train\Aaron Eckhart\0003.jpg,train\Tony Blair\0095.jpg
train\Aaron Eckhart\0001.jpg,train\Aaron Eckhart\0003.jpg,train\Silvio Berlusconi\0109.jpg
train\Aaron Eckhart\0001.jpg,train\Aaron Eckhart\0003.jpg,train\Ben Affleck\0164.jpg
train\Aaron Eckhart\0001.jpg,train\Aaron Eckhart\0003.jpg,train\Meryl Streep\0152.jpg
train\Aaron Eckhart\0001.jpg,train\Aaron Eckhart\0003.jpg,train\Martha Stewart\0211.jpg
train\Aaron Eckhart\0001.jpg,train\Aaron Eckhart\0003.jpg,train\Martha Stewart\0065.jpg
train\Aaron Eckhart\0001.jpg,train\Aaron Eckhart\0003.jpg,train\Gene Hackman\0034.jpg
train\Aaron Eckhart\0001.jpg,train\Aaron Eckhart\0004.jpg,train\Ben Affleck\0146.jpg
train\Aaron Eckhart\0001.jpg,train\Aaron Eckhart\0004.jpg,train\Brendan Fraser\0041.jpg
train\Aaron Eckhart\0001.jpg,train\Aaron Eckhart\0004.jpg,train\Avril Lavigne\0245.jpg
train\Aaron Eckhart\0001.jpg,train\Aaron Eckhart\0004.jpg,train\Susan Sarandon\0080.jpg
train\Aaron Eckhart\0001.jpg,train\Aaron Eckhart\0004.jpg,train\Keira Knightley\0197.jpg
train\Aaron Eckhart\0001.jpg,train\Aaron Eckhart\0004.jpg,train\Mikhail Gorbachev\0046.jpg
train\Aaron Eckhart\0001.jpg,train\Aaron Eckhart\0004.jpg,train\William Macy\0044.jpg
train\Aaron Eckhart\0001.jpg,train\Aaron Eckhart\0004.jpg,train\Beyonce Knowles\0013.jpg
train\Aaron Eckhart\0001.jpg,train\Aaron Eckhart\0004.jpg,train\Eva Mendes\0316.jpg
train\Aaron Eckhart\0001.jpg,train\Aaron Eckhart\0004.jpg,train\Dave Chappelle\0038.jpg
train\Aaron Eckhart\0001.jpg,train\Aaron Eckhart\0005.jpg,train\Nicole Kidman\0095.jpg
train\Aaron Eckhart\0001.jpg,train\Aaron Eckhart\0005.jpg,train\Leonardo DiCaprio\0435.jpg
train\Aaron Eckhart\0001.jpg,train\Aaron Eckhart\0005.jpg,train\Donald Trump\0179.jpg
train\Aaron Eckhart\0001.jpg,train\Aaron Eckhart\0005.jpg,train\Charlize Theron\0409.jpg
train\Aaron Eckhart\0001.jpg,train\Aaron Eckhart\0005.jpg,train\Cameron Diaz\0116.jpg
train\Aaron Eckhart\0001.jpg,train\Aaron Eckhart\0005.jpg,train\Robert Downey Jr\0039.jpg
train\Aaron Eckhart\0001.jpg,train\Aaron Eckhart\0005.jpg,train\Jimmy Carter\0108.jpg
train\Aaron Eckhart\0001.jpg,train\Aaron Eckhart\0005.jpg,train\Katie Couric\0137.jpg
train\Aaron Eckhart\0001.jpg,train\Aaron Eckhart\0005.jpg,train\Jessica Simpson\0160.jpg
train\Aaron Eckhart\0001.jpg,train\Aaron Eckhart\0005.jpg,train\Ralph Nader\0123.jpg
train\Aaron Eckhart\0001.jpg,train\Aaron Eckhart\0006.jpg,train\Liam Neeson\0144.jpg
train\Aaron Eckhart\0001.jpg,train\Aaron Eckhart\0006.jpg,train\Tyra Banks\0269.jpg
train\Aaron Eckhart\0001.jpg,train\Aaron Eckhart\0006.jpg,train\Jeri Ryan\0027.jpg
train\Aaron Eckhart\0001.jpg,train\Aaron Eckhart\0006.jpg,train\Eliot Spitzer\0064.jpg
train\Aaron Eckhart\0001.jpg,train\Aaron Eckhart\0006.jpg,train\Angela Merkel\0064.jpg
train\Aaron Eckhart\0001.jpg,train\Aaron Eckhart\0006.jpg,train\Silvio Berlusconi\0030.jpg
train\Aaron Eckhart\0001.jpg,train\Aaron Eckhart\0006.jpg,train\Bill Clinton\0067.jpg
train\Aaron Eckhart\0001.jpg,train\Aaron Eckhart\0006.jpg,train\Carson Daly\0026.jpg
train\Aaron Eckhart\0001.jpg,train\Aaron Eckhart\0006.jpg,train\Sharon Stone\0318.jpg
train\Aaron Eckhart\0001.jpg,train\Aaron Eckhart\0006.jpg,train\Angela Merkel\0083.jpg
train\Aaron Eckhart\0001.jpg,train\Aaron Eckhart\0007.jpg,train\Meryl Streep\0318.jpg
train\Aaron Eckhart\0001.jpg,train\Aaron Eckhart\0007.jpg,train\Keanu Reeves\0075.jpg
train\Aaron Eckhart\0001.jpg,train\Aaron Eckhart\0007.jpg,train\Eliot Spitzer\0146.jpg
train\Aaron Eckhart\0001.jpg,train\Aaron Eckhart\0007.jpg,train\Quincy Jones\0039.jpg
train\Aaron Eckhart\0001.jpg,train\Aaron Eckhart\0007.jpg,train\Minnie Driver\0116.jpg
train\Aaron Eckhart\0001.jpg,train\Aaron Eckhart\0007.jpg,train\Brad Pitt\0372.jpg
train\Aaron Eckhart\0001.jpg,train\Aaron Eckhart\0007.jpg,train\Cate Blanchett\0390.jpg
train\Aaron Eckhart\0001.jpg,train\Aaron Eckhart\0007.jpg,train\Daisy Fuentes\0050.jpg
train\Aaron Eckhart\0001.jpg,train\Aaron Eckhart\0007.jpg,train\Cameron Diaz\0309.jpg
train\Aaron Eckhart\0001.jpg,train\Aaron Eckhart\0007.jpg,train\David Beckham\0272.jpg
train\Aaron Eckhart\0001.jpg,train\Aaron Eckhart\0009.jpg,train\Jimmy Carter\0064.jpg
train\Aaron Eckhart\0001.jpg,train\Aaron Eckhart\0009.jpg,train\Ashton Kutcher\0221.jpg
train\Aaron Eckhart\0001.jpg,train\Aaron Eckhart\0009.jpg,train\Ralph Nader\0043.jpg
train\Aaron Eckhart\0001.jpg,train\Aaron Eckhart\0009.jpg,train\Halle Berry\0209.jpg
train\Aaron Eckhart\0001.jpg,train\Aaron Eckhart\0009.jpg,train\Cate Blanchett\0034.jpg
train\Aaron Eckhart\0001.jpg,train\Aaron Eckhart\0009.jpg,train\Jay Leno\0054.jpg
train\Aaron Eckhart\0001.jpg,train\Aaron Eckhart\0009.jpg,train\John Lennon\0012.jpg
train\Aaron Eckhart\0001.jpg,train\Aaron Eckhart\0009.jpg,train\Hugh Grant\0258.jpg
train\Aaron Eckhart\0001.jpg,train\Aaron Eckhart\0009.jpg,train\Avril Lavigne\0087.jpg
train\Aaron Eckhart\0001.jpg,train\Aaron Eckhart\0009.jpg,train\Victoria Beckham\0064.jpg
train\Aaron Eckhart\0001.jpg,train\Aaron Eckhart\0016.jpg,train\Quincy Jones\0039.jpg
train\Aaron Eckhart\0001.jpg,train\Aaron Eckhart\0016.jpg,train\Drew Barrymore\0351.jpg
train\Aaron Eckhart\0001.jpg,train\Aaron Eckhart\0016.jpg,train\Alberto Gonzales\0024.jpg
train\Aaron Eckhart\0001.jpg,train\Aaron Eckhart\0016.jpg,train\Jessica Simpson\0304.jpg
train\Aaron Eckhart\0001.jpg,train\Aaron Eckhart\0016.jpg,train\Simon Cowell\0325.jpg
train\Aaron Eckhart\0001.jpg,train\Aaron Eckhart\0016.jpg,train\Brad Pitt\0109.jpg
train\Aaron Eckhart\0001.jpg,train\Aaron Eckhart\0016.jpg,train\Keira Knightley\0195.jpg
train\Aaron Eckhart\0001.jpg,train\Aaron Eckhart\0016.jpg,train\Jack Nicholson\0058.jpg
train\Aaron Eckhart\0001.jpg,train\Aaron Eckhart\0016.jpg,train\Nicolas Cage\0147.jpg
train\Aaron Eckhart\0001.jpg,train\Aaron Eckhart\0016.jpg,train\Halle Berry\0220.jpg
train\Aaron Eckhart\0001.jpg,train\Aaron Eckhart\0017.jpg,train\Jon Stewart\0154.jpg
train\Aaron Eckhart\0001.jpg,train\Aaron Eckhart\0017.jpg,train\Matt Damon\0072.jpg
train\Aaron Eckhart\0001.jpg,train\Aaron Eckhart\0017.jpg,train\Nathan Lane\0002.jpg
train\Aaron Eckhart\0001.jpg,train\Aaron Eckhart\0017.jpg,train\Cate Blanchett\0034.jpg
train\Aaron Eckhart\0001.jpg,train\Aaron Eckhart\0017.jpg,train\James Gandolfini\0040.jpg
train\Aaron Eckhart\0001.jpg,train\Aaron Eckhart\0017.jpg,train\Carla Gugino\0046.jpg
train\Aaron Eckhart\0001.jpg,train\Aaron Eckhart\0017.jpg,train\Mel Gibson\0039.jpg
train\Aaron Eckhart\0001.jpg,train\Aaron Eckhart\0017.jpg,train\Drew Barrymore\0096.jpg
train\Aaron Eckhart\0001.jpg,train\Aaron Eckhart\0017.jpg,train\Ashley Judd\0137.jpg
train\Aaron Eckhart\0001.jpg,train\Aaron Eckhart\0017.jpg,train\Denzel Washington\0205.jpg
train\Aaron Eckhart\0001.jpg,train\Aaron Eckhart\0018.jpg,train\Matt Damon\0106.jpg
train\Aaron Eckhart\0001.jpg,train\Aaron Eckhart\0018.jpg,train\Keira Knightley\0142.jpg
train\Aaron Eckhart\0001.jpg,train\Aaron Eckhart\0018.jpg,train\Brad Pitt\0919.jpg
train\Aaron Eckhart\0001.jpg,train\Aaron Eckhart\0018.jpg,train\Jessica Alba\0359.jpg
train\Aaron Eckhart\0001.jpg,train\Aaron Eckhart\0018.jpg,train\Hugh Grant\0080.jpg
train\Aaron Eckhart\0001.jpg,train\Aaron Eckhart\0018.jpg,train\Cindy Crawford\0138.jpg
train\Aaron Eckhart\0001.jpg,train\Aaron Eckhart\0018.jpg,train\Reese Witherspoon\0316.jpg
train\Aaron Eckhart\0001.jpg,train\Aaron Eckhart\0018.jpg,train\Kate Winslet\0181.jpg
train\Aaron Eckhart\0001.jpg,train\Aaron Eckhart\0018.jpg,train\Martha Stewart\0046.jpg
train\Aaron Eckhart\0001.jpg,train\Aaron Eckhart\0018.jpg,train\Bruce Willis\0227.jpg
train\Aaron Eckhart\0001.jpg,train\Aaron Eckhart\0019.jpg,train\Jimmy Carter\0146.jpg
train\Aaron Eckhart\0001.jpg,train\Aaron Eckhart\0019.jpg,train\Uma Thurman\0028.jpg
train\Aaron Eckhart\0001.jpg,train\Aaron Eckhart\0019.jpg,train\Adam Sandler\0199.jpg
train\Aaron Eckhart\0001.jpg,train\Aaron Eckhart\0019.jpg,train\Christopher Walken\0120.jpg
train\Aaron Eckhart\0001.jpg,train\Aaron Eckhart\0019.jpg,train\Tony Blair\0060.jpg